<?xml version="1.0" encoding="UTF-8"?>

<mule xmlns:dw="http://www.mulesoft.org/schema/mule/ee/dw" xmlns="http://www.mulesoft.org/schema/mule/core" xmlns:doc="http://www.mulesoft.org/schema/mule/documentation"
	xmlns:spring="http://www.springframework.org/schema/beans" 
	xmlns:xsi="http://www.w3.org/2001/XMLSchema-instance"
	xsi:schemaLocation="http://www.springframework.org/schema/beans http://www.springframework.org/schema/beans/spring-beans-current.xsd
http://www.mulesoft.org/schema/mule/core http://www.mulesoft.org/schema/mule/core/current/mule.xsd
http://www.mulesoft.org/schema/mule/ee/dw http://www.mulesoft.org/schema/mule/ee/dw/current/dw.xsd">
    <choice-exception-strategy name="quiz-exceptionChoice_Exception_Strategy">
        <catch-exception-strategy when="exception.causedBy(java.sql.SQLException)" logException="false" doc:name="Catch Exception Strategy">
            <dw:transform-message doc:name="Transform Message">
                <dw:set-payload><![CDATA[%dw 1.0
%output application/json
---
{
	message: 'There is Database connectivity issue'
}]]></dw:set-payload>
                <dw:set-variable variableName="statusCode"><![CDATA[%dw 1.0
%output application/java
---
500]]></dw:set-variable>
            </dw:transform-message>
        </catch-exception-strategy>
        <catch-exception-strategy doc:name="Catch Exception Strategy">
            <dw:transform-message doc:name="Transform Message">
                <dw:set-payload><![CDATA[%dw 1.0
%output application/java
---
{
	message : 'Internal Server Error'
}]]></dw:set-payload>
                <dw:set-variable variableName="statusCode"><![CDATA[%dw 1.0
%output application/java
---
500]]></dw:set-variable>
            </dw:transform-message>
        </catch-exception-strategy>
    </choice-exception-strategy>
</mule>
