<?xml version="1.0" encoding="UTF-8"?>
<mule xmlns="http://www.mulesoft.org/schema/mule/core" xmlns:apikit="http://www.mulesoft.org/schema/mule/apikit" xmlns:context="http://www.springframework.org/schema/context" xmlns:db="http://www.mulesoft.org/schema/mule/db" xmlns:doc="http://www.mulesoft.org/schema/mule/documentation" xmlns:dw="http://www.mulesoft.org/schema/mule/ee/dw" xmlns:http="http://www.mulesoft.org/schema/mule/http" xmlns:spring="http://www.springframework.org/schema/beans" xmlns:tls="http://www.mulesoft.org/schema/mule/tls" xmlns:tracking="http://www.mulesoft.org/schema/mule/ee/tracking" xmlns:xsi="http://www.w3.org/2001/XMLSchema-instance" xsi:schemaLocation="http://www.mulesoft.org/schema/mule/core http://www.mulesoft.org/schema/mule/core/current/mule.xsd
http://www.mulesoft.org/schema/mule/http http://www.mulesoft.org/schema/mule/http/current/mule-http.xsd
http://www.mulesoft.org/schema/mule/apikit http://www.mulesoft.org/schema/mule/apikit/current/mule-apikit.xsd
http://www.springframework.org/schema/beans http://www.springframework.org/schema/beans/spring-beans-3.1.xsd
http://www.mulesoft.org/schema/mule/db http://www.mulesoft.org/schema/mule/db/current/mule-db.xsd
http://www.mulesoft.org/schema/mule/ee/tracking http://www.mulesoft.org/schema/mule/ee/tracking/current/mule-tracking-ee.xsd
http://www.mulesoft.org/schema/mule/ee/dw http://www.mulesoft.org/schema/mule/ee/dw/current/dw.xsd
http://www.mulesoft.org/schema/mule/tls http://www.mulesoft.org/schema/mule/tls/current/mule-tls.xsd
http://www.springframework.org/schema/context http://www.springframework.org/schema/context/spring-context-current.xsd">
    <http:listener-config name="quiz-httpListenerConfig" host="0.0.0.0" port="8081" doc:name="HTTP Listener Configuration" />
    <apikit:config name="quiz-config" raml="quiz.raml" consoleEnabled="false" consolePath="/console/*" doc:name="Router" keepRamlBaseUri="false" />
    <db:mysql-config name="MySQL_Configuration" host="${mysql.server}" port="${mysql.port}" user="${mysql.user}" password="${mysql.password}" database="${mysql.database}" doc:name="MySQL Configuration" />
    <http:request-config name="HTTP_Request_Configuration" protocol="HTTPS" host="api.darksky.net" port="443" doc:name="HTTP Request Configuration">
        <tls:context>
            <tls:key-store type="jks" path="gps.jks" keyPassword="muleworker" password="muleworker" />
        </tls:context>
    </http:request-config>
    <context:property-placeholder location="quiz-dev.properties" />
    <flow name="quiz-main">
        <http:listener config-ref="quiz-httpListenerConfig" path="/api/*" doc:name="HTTP" />
        <apikit:router config-ref="quiz-config" doc:name="APIkit Router" />
        <exception-strategy ref="quiz-apiKitGlobalExceptionMapping" doc:name="Reference Exception Strategy" />
    </flow>
    <flow name="quiz-console">
        <http:listener config-ref="quiz-httpListenerConfig" path="/console/*" doc:name="HTTP" />
        <apikit:console config-ref="quiz-config" doc:name="APIkit Console" />
    </flow>
    <flow name="get:/quiz/weather:quiz-config">
        <byte-array-to-string-transformer doc:name="Byte Array to String" />
        <logger message="#################weather" level="INFO" doc:name="Logger" />
        <set-variable variableName="coords" value="#[message.inboundProperties.'http.query.params']" doc:name="Variable" />
        <http:request config-ref="HTTP_Request_Configuration" path="/forecast/#[flowVars.coords.gps]" method="GET" doc:name="HTTP">
            <http:request-builder>
                <http:header headerName="Content-Type" value="application/json" />
            </http:request-builder>
        </http:request>
        <logger message="#[payload]" level="INFO" doc:name="Logger" />
        <dw:transform-message doc:name="Transform Message">
            <dw:set-payload><![CDATA[%dw 1.0
%output application/java
---
payload]]></dw:set-payload>
        </dw:transform-message>
        <exception-strategy ref="" doc:name="Reference Exception Strategy" />
    </flow>
    <flow name="get:/quiz/database/{id}:quiz-config">
        <byte-array-to-string-transformer doc:name="Byte Array to String" />
        <set-variable variableName="ID" value="#[message.inboundProperties['http.uri.params']]" doc:name="Variable" />
        <logger message="&gt;&gt;&gt;&gt;&gt;&gt;&gt;&gt;&gt;&gt;&gt;&gt;&gt;&gt;&gt;&gt;&gt;&gt;Get info #[flowVars.ID.id]" level="INFO" doc:name="Logger" />
        <db:select config-ref="MySQL_Configuration" doc:name="Database">
            <db:dynamic-query><![CDATA[SELECT * FROM `users` WHERE id = '#[flowVars.ID.id]']]></db:dynamic-query>
        </db:select>
        <logger message="#####[payload]" level="INFO" doc:name="Logger" />
        <dw:transform-message doc:name="Transform Message">
            <dw:set-payload><![CDATA[%dw 1.0
%output application/java
---
payload]]></dw:set-payload>
        </dw:transform-message>
        <exception-strategy ref="quiz-exceptionChoice_Exception_Strategy" doc:name="Reference Exception Strategy" />
    </flow>
    <flow name="post:/quiz/add:quiz-config">
        <logger level="INFO" doc:name="Logger"/>

        <exception-strategy ref="quiz-exceptionChoice_Exception_Strategy" doc:name="Reference Exception Strategy" />
    </flow>
    <flow name="get:/quiz/database:quiz-config">
        <byte-array-to-string-transformer doc:name="Byte Array to String" />
        <logger level="INFO" doc:name="Logger" />
        <db:select config-ref="MySQL_Configuration" doc:name="Database">
            <db:dynamic-query><![CDATA[SELECT * FROM `users`]]></db:dynamic-query>
        </db:select>
        <logger message="#[payload]" level="INFO" doc:name="Logger" />
        <dw:transform-message doc:name="Transform Message">
            <dw:set-payload><![CDATA[%dw 1.0
%output application/java
---
payload]]></dw:set-payload>
        </dw:transform-message>
        <exception-strategy ref="quiz-exceptionChoice_Exception_Strategy" doc:name="Reference Exception Strategy" />
    </flow>
    <flow name="post:/quiz/database/add:quiz-config">
        <byte-array-to-string-transformer doc:name="Byte Array to String"/>
        <logger message="####################adding new entry " level="INFO" doc:name="Logger"/>
        <set-variable variableName="ID" value="#[message.inboundProperties['http.uri.params']]" doc:name="Variable"/>
        <dw:transform-message doc:name="Transform Message">
            <dw:set-payload><![CDATA[%dw 1.0
%output application/java
---
payload]]></dw:set-payload>
        </dw:transform-message>
        <logger message="Data posting to the database #[payload]" level="INFO" doc:name="Logger"/>
        <db:insert config-ref="MySQL_Configuration" doc:name="Database">
            <db:dynamic-query><![CDATA[INSERT INTO users (name,email)
 VALUES ('#[payload.name]', '#[payload.email]');]]></db:dynamic-query>
        </db:insert>
        <set-payload value="#['Successfully posted the record']" doc:name="Set Payload"/>
        <exception-strategy ref="quiz-exceptionChoice_Exception_Strategy" doc:name="Reference Exception Strategy"/>

    </flow>
    <apikit:mapping-exception-strategy name="quiz-apiKitGlobalExceptionMapping">
        <apikit:mapping statusCode="404">
            <apikit:exception value="org.mule.module.apikit.exception.NotFoundException" />
            <set-property propertyName="Content-Type" value="application/json" doc:name="Property" />
            <set-payload value="{ &quot;message&quot;: &quot;Resource not found&quot; }" doc:name="Set Payload" />
        </apikit:mapping>
        <apikit:mapping statusCode="405">
            <apikit:exception value="org.mule.module.apikit.exception.MethodNotAllowedException" />
            <set-property propertyName="Content-Type" value="application/json" doc:name="Property" />
            <set-payload value="{ &quot;message&quot;: &quot;Method not allowed&quot; }" doc:name="Set Payload" />
        </apikit:mapping>
        <apikit:mapping statusCode="415">
            <apikit:exception value="org.mule.module.apikit.exception.UnsupportedMediaTypeException" />
            <set-property propertyName="Content-Type" value="application/json" doc:name="Property" />
            <set-payload value="{ &quot;message&quot;: &quot;Unsupported media type&quot; }" doc:name="Set Payload" />
        </apikit:mapping>
        <apikit:mapping statusCode="406">
            <apikit:exception value="org.mule.module.apikit.exception.NotAcceptableException" />
            <set-property propertyName="Content-Type" value="application/json" doc:name="Property" />
            <set-payload value="{ &quot;message&quot;: &quot;Not acceptable&quot; }" doc:name="Set Payload" />
        </apikit:mapping>
        <apikit:mapping statusCode="400">
            <apikit:exception value="org.mule.module.apikit.exception.BadRequestException" />
            <set-property propertyName="Content-Type" value="application/json" doc:name="Property" />
            <set-payload value="{ &quot;message&quot;: &quot;Bad request&quot; }" doc:name="Set Payload" />
        </apikit:mapping>
    </apikit:mapping-exception-strategy>
</mule>
